platform	score	source
zmachine	3	Logo Builders/z.old/emulation station logos/es-theme-eudora-master/zmachine/logo.svg
auto-favorites	3	Logo Builders/z.old/emulation station logos/es-theme-eudora-master/auto-favorites/logo.svg
retropie	3	Logo Builders/z.old/emulation station logos/es-theme-eudora-master/retropie/logo.svg
consoles	3	SVGs (vector) (Full Set) v2.1/Dark - Color/Consoles/Pico-8-12.svg
daphne	3	Logo Builders/z.old/emulation station logos/es-theme-eudora-master/daphne/logo.svg
toaplan	3	Logo Builders/Builders/Apple II/Toaplan/Toaplan_logo.svg
playdate	3	Logo Builders/Builders/Playdate/Playdate_logo_-_alternative_version.svg
famicom	3	Logo Builders/z.old/emulation station logos/es-theme-eudora-master/famicom/logo.svg
apple-ios	3	Logo Builders/Builders/Apple IOS/iPhone - Apple-3.svg
c128	3	Logo Builders/z.old/emulation station logos/es-theme-eudora-master/c128/logo.svg
tg-cd	3	Logo Builders/z.old/emulation station logos/es-theme-eudora-master/tg-cd/logo.svg
game-boy	3	Logo Builders/Builders/Nintendo Game Boy (Thin Version)/Nintendo Game Boy New Thin Version-01.svg
tg16	3	Logo Builders/z.old/emulation station logos/es-theme-eudora-master/tg16/logo.svg
pcfx	3	Logo Builders/z.old/emulation station logos/es-theme-eudora-master/pcfx/logo.svg
atarist	3	Logo Builders/z.old/emulation station logos/es-theme-eudora-master/atarist/logo.svg
dreamcast	3	Logo Builders/z.old/emulation station logos/es-theme-eudora-master/dreamcast/logo.svg
rough-rider-by-geengraphy	5	SVGs (vector) (Full Set) v2.1/Matching Word Options (Ports, All Games etc)/White (Rough Rider by geengraphy)/Indie Games.svg
atari-lynx	3	Logo Builders/z.old/emulation station logos/es-theme-tronkyfran-master/atarilynx/art/atari_lynx_wire.svg
kodi	3	Logo Builders/z.old/emulation station logos/es-theme-eudora-master/kodi/logo.svg
pcengine	3	Logo Builders/z.old/emulation station logos/es-theme-eudora-master/pcengine/logo.svg
android-old-style	3	Logo Builders/Builders/Android (old style)/Android_logo_2.svg
megadrivej	3	Logo Builders/z.old/emulation station logos/es-theme-eudora-master/megadrivej/controller.svg
virtualboy	3	Logo Builders/z.old/emulation station logos/es-theme-eudora-master/virtualboy/logo.svg
ngpc	3	Logo Builders/z.old/emulation station logos/es-theme-eudora-master/ngpc/logo.svg
shiny-blue-futura-pt-bold	3	SVGs (vector) (Full Set) v2.1/Matching Word Options (Ports, All Games etc)/Shiny Blue (Futura PT Bold)/Indie Games.svg
new-folder	3	Logo Builders/Builders/Casio PV-1000/New folder/casio-logo.svg
neogeo	3	Logo Builders/z.old/emulation station logos/es-theme-eudora-master/neogeo/logo.svg
ds	3	Logo Builders/z.old/emulation station logos/es-theme-eudora-master/nds/logo.svg
desktop	3	Logo Builders/z.old/emulation station logos/es-theme-eudora-master/desktop/logo.svg
apple-tv-plus-large	3	Logo Builders/Builders/Apple IOS/official/apple_tv_plus_light__fjwmgqxuwomu_large.svg
switch	3	SVGs (vector) (Full Set) v2.1/Dark - Color/Consoles/Nintendo Switch-01.svg
coco	3	Logo Builders/z.old/emulation station logos/es-theme-eudora-master/coco/logo.svg
mame	3	Logo Builders/z.old/emulation station logos/es-theme-eudora-master/mame/logo.svg
shiny-red-futura-pt-bold	3	SVGs (vector) (Full Set) v2.1/Matching Word Options (Ports, All Games etc)/Shiny Red (Futura PT Bold)/Indie Games.svg
atari-jaguar	3	SVGs (vector) (Full Set) v2.1/Dark - Color/Consoles/Atari Jaguar-11.svg
c64	3	Logo Builders/z.old/emulation station logos/es-theme-eudora-master/c64/logo.svg
snes	3	Logo Builders/z.old/emulation station logos/es-theme-eudora-master/snes-pal/logo.svg
videopac	3	Logo Builders/z.old/emulation station logos/es-theme-eudora-master/videopac/logo.svg
sfc	3	Logo Builders/z.old/emulation station logos/es-theme-eudora-master/sfc/logo.svg
fujitsu-fm-7	3	Logo Builders/Builders/Fujitsu FM-7/Fujitsu FM-7/Fujitsu-Logo.svg
nintendo-game-watch	3	Logo Builders/Builders/Nintendo Game & Watch/Game_and_watch_logo wikimedia commons.svg
amigacd32	3	Logo Builders/z.old/emulation station logos/es-theme-eudora-master/amigacd32/logo.svg
gameandwatch	3	Logo Builders/z.old/emulation station logos/es-theme-eudora-master/gameandwatch/logo.svg
genesis-2-79959	3	Logo Builders/z.old/system logos (beginning ideas of collection)/genesis_2_79959/genesis-2.svg
pc98	3	Logo Builders/z.old/emulation station logos/es-theme-eudora-master/pc98/logo.svg
amiga	3	Logo Builders/z.old/emulation station logos/es-theme-eudora-master/amiga/logo.svg
gamecube	3	Logo Builders/z.old/emulation station logos/es-theme-tronkyfran-master/gc/art/gamecube_wire.svg
amstradcpc	3	Logo Builders/z.old/emulation station logos/es-theme-eudora-master/amstradcpc/logo.svg
ti99	3	Logo Builders/z.old/emulation station logos/es-theme-eudora-master/ti99/logo.svg
universal	3	Logo Builders/Builders/Universal/Universal_Entertainment_logo (not used).svg
gotham-ultra-italic	5	SVGs (vector) (Full Set) v2.1/Matching Word Options (Ports, All Games etc)/Black (Gotham Ultra Italic)/Indie Games.svg
nintendo	3	Logo Builders/z.old/system logos (beginning ideas of collection)/nintendo-logo/nintendo-logo.svg
atari	3	Logo Builders/z.old/system logos (beginning ideas of collection)/atari-4 (1).svg
xbox-one	3	Logo Builders/References/Microsoft Xbox One+Series/Series XS official.svg
stratagus	3	Logo Builders/z.old/emulation station logos/es-theme-eudora-master/stratagus/logo.svg
eighting	3	Logo Builders/Builders/Eighting/開発実績 _ 株式会社エイティング-0 Use This One.svg
bbcmicro	3	Logo Builders/z.old/emulation station logos/es-theme-eudora-master/bbcmicro/controller.svg
art	3	Logo Builders/z.old/emulation station logos/es-theme-tronkyfran-master/atari7800/art/a7800.svg
just	5	SVGs (vector) (Full Set) v2.1/Matching Word Options (Ports, All Games etc)/PC Games Indie Games All Games (Gotham Ultra)/Dark - Just Black/PC Games-30.svg
fm7	3	Logo Builders/z.old/emulation station logos/es-theme-eudora-master/fm7/logo.svg
retro-future-by-piai	5	SVGs (vector) (Full Set) v2.1/Matching Word Options (Ports, All Games etc)/Black (Retro Future by piai)/Indie Games.svg
msx	3	Logo Builders/z.old/emulation station logos/es-theme-eudora-master/msx/logo.svg
3do-3do	3	Logo Builders/z.old/emulation station logos/es-theme-eudora-master/3do/logo.svg
sega-classics	3	Logo Builders/Builders/Sega Classics/From Japan Sega Site 2020.svg
atari5200	3	Logo Builders/z.old/emulation station logos/es-theme-eudora-master/atari5200/logo.svg
game-gear	3	Logo Builders/Builders/Sega Game Gear/Sega Game Gear/Gamegear_us_logo OLD.svg
atari-2600	3	Logo Builders/Builders/Atari 2600+5200+7800/Atari_Official_2012_Logo.svg
xbox-360	3	Logo Builders/Builders/Microsoft Xbox 360/E Version/Xbox_360-Logo.wine.svg
mame-advmame	3	Logo Builders/z.old/emulation station logos/es-theme-eudora-master/mame-advmame/logo.svg
pc	3	Logo Builders/z.old/emulation station logos/es-theme-eudora-master/pc/logo.svg
handhelds	3	SVGs (vector) (Full Set) v2.1/Dark - Color/Handhelds/Nintendo Game & Watch 3-07-05.svg
xbox	3	Logo Builders/z.old/emulation station logos/es-theme-tronkyfran-master/xbox/art/xbox.svg
genesis	3	Logo Builders/z.old/emulation station logos/es-theme-eudora-master/megadrive/logo.svg
limelight	3	Logo Builders/z.old/emulation station logos/es-theme-eudora-master/limelight/logo.svg
vic20	3	Logo Builders/z.old/emulation station logos/es-theme-eudora-master/vic20/logo.svg
3do	3	Logo Builders/z.old/emulation station logos/es-theme-eudora-master/3do/controller.svg
atari2600	3	Logo Builders/z.old/emulation station logos/es-theme-eudora-master/atari2600/logo.svg
3ds	3	SVGs (vector) (Full Set) v2.1/Dark - Color/Handhelds/Nintendo 3DS eShop-02.svg
atarilynx	3	Logo Builders/z.old/emulation station logos/es-theme-eudora-master/atarilynx/logo.svg
apple-pippin	3	Logo Builders/Builders/Apple Pippin/PIPPIN.svg
atari800	3	Logo Builders/z.old/emulation station logos/es-theme-eudora-master/atari800/logo.svg
fba	3	Logo Builders/z.old/emulation station logos/es-theme-eudora-master/fba/logo.svg
ports	3	Logo Builders/z.old/emulation station logos/es-theme-eudora-master/ports/logo.svg
windows-3-x	3	Logo Builders/Builders/Windows 3.X/Microsoft_Windows_3.1x_logo_with_wordmark.svg
odyssey2	3	Logo Builders/z.old/emulation station logos/es-theme-eudora-master/odyssey2/logo.svg
gbc	3	Logo Builders/z.old/emulation station logos/es-theme-eudora-master/gbc/logo.svg
oric	3	Logo Builders/z.old/emulation station logos/es-theme-eudora-master/oric/logo.svg
gba	3	Logo Builders/z.old/emulation station logos/es-theme-eudora-master/gba/logo.svg
steam	3	Logo Builders/z.old/emulation station logos/es-theme-eudora-master/steam/logo.svg
mame-mame4all	3	Logo Builders/z.old/emulation station logos/es-theme-eudora-master/mame-mame4all/logo.svg
images	3	Logo Builders/z.old/emulation station logos/es-theme-art-book-master/_inc/images/help-random.svg
nes	3	Logo Builders/z.old/emulation station logos/es-theme-eudora-master/nes/logo.svg
dragon32	3	Logo Builders/z.old/emulation station logos/es-theme-eudora-master/dragon32/logo.svg
nintendo-eshop	3	Logo Builders/Builders/Nintendo eShop/Nintendo eShop _ Nintendo-17.svg
love	3	Logo Builders/z.old/emulation station logos/es-theme-eudora-master/love/logo.svg
acorn-electron	3	Logo Builders/Builders/Acorn Electron/Acorn_computers_logo_rendered_with_text.svg
saturn	3	Logo Builders/z.old/emulation station logos/es-theme-eudora-master/saturn/controller.svg
pce-cd	3	Logo Builders/z.old/emulation station logos/es-theme-eudora-master/pce-cd/logo.svg
tiger-lcd-handhelds	3	Logo Builders/Builders/Tiger LCD handhelds/Tiger_Electronics_logo.svg
game-by-yuravector-with-space	3	SVGs (vector) (Full Set) v2.1/Matching Word Options (Ports, All Games etc)/Game by yuravector (with space)/Indie Games.svg
crvision	3	Logo Builders/z.old/emulation station logos/es-theme-eudora-master/crvision/logo.svg
inc	3	Logo Builders/z.old/emulation station logos/es-theme-art-book-master/tg-td/_inc/art.svg
segacd	3	Logo Builders/z.old/emulation station logos/es-theme-eudora-master/segacd/logo.svg
computers	3	SVGs (vector) (Full Set) v2.1/Dark - Color/Computers/Sharp MZ-800-05.svg
mastersystem	3	Logo Builders/z.old/emulation station logos/es-theme-eudora-master/mastersystem/logo.svg
channelf	3	Logo Builders/z.old/emulation station logos/es-theme-eudora-master/channelf/logo.svg
wonderswan	3	Logo Builders/z.old/emulation station logos/es-theme-eudora-master/wonderswan/logo.svg
atari-5200	3	Logo Builders/z.old/emulation station logos/es-theme-tronkyfran-master/atari5200/art/atari_5200_wire.svg
intellivision	3	Logo Builders/z.old/emulation station logos/es-theme-eudora-master/intellivision/logo.svg
apple2	3	Logo Builders/z.old/emulation station logos/es-theme-eudora-master/apple2/logo.svg
phillips-cd-i	3	Logo Builders/Builders/Phillips CD-i/PHILIPS official.svg
vectrex	3	Logo Builders/z.old/emulation station logos/es-theme-eudora-master/vectrex/logo.svg
trs-80	3	Logo Builders/z.old/emulation station logos/es-theme-eudora-master/trs-80/logo.svg
sony-pocket-station	3	Logo Builders/References/Sony Pocket Station/PocketStation_logo.svg
tic80	3	Logo Builders/Builders/TIC80/tic-computer (not used).svg
mess	3	Logo Builders/z.old/emulation station logos/es-theme-eudora-master/mess/logo.svg
shiny-blue-gotham-ultra-italic	3	SVGs (vector) (Full Set) v2.1/Matching Word Options (Ports, All Games etc)/Shiny Blue (Gotham Ultra Italic)/Indie Games.svg
windows-11	3	Logo Builders/References/Windows/Windows 11/Windows_11_logo (From Cillbill on Wikimedia Commons).svg
nec-pc-8801-9801-nec-oabw-test	3	Logo Builders/Builders/NEC PC 9801+8801/NEC PC 8801 9801/nec-oabw.svg
nec-pc-8801-9801	3	Logo Builders/Builders/NEC PC 9801+8801/NEC PC 8801 9801/NEC_logo.svg
nintendo-gameboy-super-gb	3	Logo Builders/Builders/Nintendo Gameboy + Super GB/Gameboy-pocket-logo.svg
wonderswancolor	3	Logo Builders/z.old/emulation station logos/es-theme-eudora-master/wonderswancolor/logo.svg
mame-libretro	3	Logo Builders/z.old/emulation station logos/es-theme-eudora-master/mame-libretro/logo.svg
psp	3	Logo Builders/z.old/emulation station logos/es-theme-eudora-master/psp/logo.svg
shiny-red-gotham-ultra-italic	3	SVGs (vector) (Full Set) v2.1/Matching Word Options (Ports, All Games etc)/Shiny Red (Gotham Ultra Italic)/Indie Games.svg
master-system	3	SVGs (vector) (Full Set) v2.1/Dark - Color/Consoles/Sega Master System (MS II Style) - 37.svg
sega-model-2-3	3	Logo Builders/Builders/Sega Model 2+3/Am2_palmtree.svg
game-by-yuravector-no-space	3	SVGs (vector) (Full Set) v2.1/Matching Word Options (Ports, All Games etc)/Game by yuravector (no space)/Indie Games.svg
x68000	3	Logo Builders/z.old/emulation station logos/es-theme-eudora-master/x68000/logo.svg
capcom	3	Logo Builders/z.old/emulation station logos/es-theme-eudora-master/capcom/logo.svg
supergrafx	3	Logo Builders/z.old/emulation station logos/es-theme-eudora-master/supergrafx/logo.svg
macintosh	3	Logo Builders/z.old/emulation station logos/es-theme-eudora-master/macintosh/logo.svg
system-beginning-ideas-of-collection	3	Logo Builders/z.old/system logos (beginning ideas of collection)/Milton_Bradley_Company_logo.svg
eighting-simple	3	Logo Builders/Builders/Eighting/開発実績 _ 株式会社エイティング-4.svg
samcoupe	3	Logo Builders/z.old/emulation station logos/es-theme-eudora-master/samcoupe/logo.svg
arcade	3	Logo Builders/z.old/emulation station logos/es-theme-eudora-master/arcade/logo.svg
wii	3	Logo Builders/z.old/emulation station logos/es-theme-eudora-master/wii/logo.svg
ags	3	Logo Builders/z.old/emulation station logos/es-theme-eudora-master/ags/logo.svg
ps2	3	Logo Builders/z.old/emulation station logos/es-theme-eudora-master/ps2/logo.svg
ps3	3	Logo Builders/z.old/emulation station logos/es-theme-art-book-master/ps3/_inc/system.svg
ps1	3	Logo Builders/z.old/emulation station logos/es-theme-eudora-master/psx/logo.svg
n64	3	Logo Builders/z.old/emulation station logos/es-theme-eudora-master/n64/logo.svg
ps4	3	SVGs (vector) (Full Set) v2.1/Dark - Color/Consoles/Sony Playstation 4-04.svg
ps5	3	SVGs (vector) (Full Set) v2.1/Dark - Color/Consoles/Sony Playstation 5-03.svg
atari7800	3	Logo Builders/z.old/emulation station logos/es-theme-eudora-master/atari7800/logo.svg
gb	3	Logo Builders/z.old/emulation station logos/es-theme-eudora-master/gb/logo.svg
gamegear	3	Logo Builders/z.old/emulation station logos/es-theme-eudora-master/gamegear/logo.svg
gc	3	Logo Builders/z.old/emulation station logos/es-theme-eudora-master/gc/logo.svg
residualvm	3	Logo Builders/z.old/emulation station logos/es-theme-eudora-master/residualvm/logo.svg
zapperlogo	3	Logo Builders/z.old/system logos (beginning ideas of collection)/ZapperLogo/ZapperLogo.svg
system-beginning-ideas-of-collection-3do	3	Logo Builders/z.old/system logos (beginning ideas of collection)/3DO_Logo.svg
arcadia	3	Logo Builders/z.old/emulation station logos/es-theme-eudora-master/arcadia/logo.svg
atari-7800	3	Logo Builders/z.old/emulation station logos/es-theme-tronkyfran-master/atari7800/art/atari_7800_wire.svg
sega-saturn	3	Logo Builders/z.old/emulation station logos/es-theme-eudora-master/saturn/logo.svg
colecovision	3	Logo Builders/z.old/emulation station logos/es-theme-eudora-master/colecovision/logo.svg
vecteezy-set-of-copyright-and-trademark-symbol-to-use-on-your-intellectual-property-144456	3	Logo Builders/z.old/system logos (beginning ideas of collection)/vecteezy_set-of-copyright-and-trademark-symbol-to-use-on-your-intellectual-property_144456/Free Copyright Vector.svg
ngp	3	Logo Builders/z.old/emulation station logos/es-theme-eudora-master/ngp/logo.svg
fds	3	Logo Builders/z.old/emulation station logos/es-theme-eudora-master/fds/logo.svg
sg-1000	3	Logo Builders/z.old/emulation station logos/es-theme-eudora-master/sg-1000/logo.svg
auto-lastplayed	3	Logo Builders/z.old/emulation station logos/es-theme-eudora-master/auto-lastplayed/logo.svg
atarijaguar	3	Logo Builders/z.old/emulation station logos/es-theme-eudora-master/atarijaguar/logo.svg
pc88	3	Logo Builders/z.old/emulation station logos/es-theme-eudora-master/pc88/logo.svg
zxspectrum	3	Logo Builders/z.old/emulation station logos/es-theme-eudora-master/zxspectrum/logo.svg
acorn-archimedes	3	Logo Builders/References/Acorn Archimedes/Archimedes_Computer_Logo_Recreation_cropped.svg
sega32x	3	Logo Builders/z.old/emulation station logos/es-theme-eudora-master/sega32x/logo.svg
scummvm	3	Logo Builders/z.old/emulation station logos/es-theme-eudora-master/scummvm/logo.svg
futura-pt-bold	5	SVGs (vector) (Full Set) v2.1/Matching Word Options (Ports, All Games etc)/Black (Futura PT Bold)/Indie Games.svg
wii-u	3	SVGs (vector) (Full Set) v2.1/Dark - Color/Consoles/Nintendo Wii U-15.svg
